,Session_Connection_Time,Bytes Transferred,Kali_Trace_Used,Servers_Corrupted,Pages_Corrupted,WPM_Typing_Speed,num_features_all,scaled_num_features,prediction
0,8.0,391.09,1,2.96,7.0,72.37,"[8.0,391.09,1.0,2.96,7.0,72.37]","[0.11864406779661017,0.28859522907989393,1.0,0.21777777777777776,0.1111111111111111,0.9248571428571429]",0
1,20.0,720.99,0,3.04,9.0,69.08,"[20.0,720.99,0.0,3.04,9.0,69.08]","[0.3220338983050847,0.5384248390761075,0.0,0.22666666666666666,0.3333333333333333,0.8308571428571427]",0
2,31.0,356.32,1,3.71,8.0,70.58,"[31.0,356.32,1.0,3.71,8.0,70.58]","[0.5084745762711864,0.2622642938280954,1.0,0.3011111111111111,0.2222222222222222,0.8737142857142857]",0
3,2.0,228.08,1,2.48,8.0,70.8,"[2.0,228.08,1.0,2.48,8.0,70.8]","[0.01694915254237288,0.16514956455887922,1.0,0.16444444444444442,0.2222222222222222,0.8799999999999999]",0
4,20.0,408.5,0,3.57,8.0,71.28,"[20.0,408.5,0.0,3.57,8.0,71.28]","[0.3220338983050847,0.3017796289284362,0.0,0.2855555555555555,0.2222222222222222,0.8937142857142857]",0
5,1.0,390.69,1,2.79,9.0,71.57,"[1.0,390.69,1.0,2.79,9.0,71.57]","[0.0,0.2882923135176069,1.0,0.1988888888888889,0.3333333333333333,0.9019999999999998]",0
6,18.0,342.97,1,5.1,7.0,72.32,"[18.0,342.97,1.0,5.1,7.0,72.32]","[0.288135593220339,0.2521544869367664,1.0,0.4555555555555555,0.1111111111111111,0.9234285714285712]",0
7,22.0,101.61,1,3.03,7.0,72.03,"[22.0,101.61,1.0,3.03,7.0,72.03]","[0.3559322033898305,0.06937523665278303,1.0,0.2255555555555555,0.1111111111111111,0.9151428571428571]",0
8,15.0,275.53,1,3.53,8.0,70.17,"[15.0,275.53,1.0,3.53,8.0,70.17]","[0.23728813559322035,0.20108292313517603,1.0,0.2811111111111111,0.2222222222222222,0.862]",0
9,12.0,424.83,1,2.53,8.0,69.99,"[12.0,424.83,1.0,2.53,8.0,69.99]","[0.1864406779661017,0.3141461567588035,1.0,0.16999999999999996,0.2222222222222222,0.8568571428571427]",0
10,15.0,249.09,1,3.39,9.0,70.77,"[15.0,249.09,1.0,3.39,9.0,70.77]","[0.23728813559322035,0.18106020446800453,1.0,0.26555555555555554,0.3333333333333333,0.879142857142857]",0
11,32.0,242.48,0,4.24,8.0,67.93,"[32.0,242.48,0.0,4.24,8.0,67.93]","[0.5254237288135594,0.17605452480121164,0.0,0.36,0.2222222222222222,0.7980000000000002]",0
12,23.0,514.54,0,3.18,8.0,68.56,"[23.0,514.54,0.0,3.18,8.0,68.56]","[0.3728813559322034,0.38208254449072315,0.0,0.24222222222222223,0.2222222222222222,0.8160000000000001]",0
13,9.0,284.77,0,3.12,9.0,70.82,"[9.0,284.77,0.0,3.12,9.0,70.82]","[0.13559322033898305,0.20808027262400602,0.0,0.23555555555555555,0.3333333333333333,0.8805714285714283]",0
14,27.0,779.25,1,2.37,8.0,72.73,"[27.0,779.25,1.0,2.37,8.0,72.73]","[0.4406779661016949,0.5825444907232109,1.0,0.15222222222222223,0.2222222222222222,0.9351428571428573]",0
15,12.0,307.31,1,3.22,7.0,67.95,"[12.0,307.31,1.0,3.22,7.0,67.95]","[0.1864406779661017,0.2251495645588792,1.0,0.24666666666666667,0.1111111111111111,0.7985714285714286]",0
16,21.0,355.94,1,2.0,7.0,72.0,"[21.0,355.94,1.0,2.0,7.0,72.0]","[0.3389830508474576,0.26197652404392274,1.0,0.1111111111111111,0.1111111111111111,0.9142857142857143]",0
17,10.0,372.65,0,3.33,7.0,69.19,"[10.0,372.65,0.0,3.33,7.0,69.19]","[0.15254237288135594,0.2746308216584627,0.0,0.2588888888888889,0.1111111111111111,0.834]",0
18,20.0,347.23,1,2.33,7.0,70.41,"[20.0,347.23,1.0,2.33,7.0,70.41]","[0.3220338983050847,0.2553805376751231,1.0,0.14777777777777779,0.1111111111111111,0.8688571428571428]",0
19,22.0,456.57,0,1.52,8.0,69.35,"[22.0,456.57,0.0,1.52,8.0,69.35]","[0.3559322033898305,0.3381825066262779,0.0,0.057777777777777775,0.2222222222222222,0.8385714285714284]",0
20,25.0,582.03,0,3.29,7.0,69.85,"[25.0,582.03,0.0,3.29,7.0,69.85]","[0.4067796610169492,0.43319197273759935,0.0,0.2544444444444444,0.1111111111111111,0.8528571428571426]",0
21,19.0,67.17,0,3.25,7.0,69.73,"[19.0,67.17,0.0,3.25,7.0,69.73]","[0.3050847457627119,0.04329420673987126,0.0,0.25,0.1111111111111111,0.8494285714285715]",0
22,16.0,410.08,1,3.07,8.0,68.49,"[16.0,410.08,1.0,3.07,8.0,68.49]","[0.2542372881355932,0.3029761453994699,1.0,0.22999999999999998,0.2222222222222222,0.8139999999999998]",0
23,18.0,393.15,0,2.25,8.0,70.87,"[18.0,393.15,0.0,2.25,8.0,70.87]","[0.288135593220339,0.29015524422567207,0.0,0.1388888888888889,0.2222222222222222,0.8820000000000001]",0
24,34.0,11.04,0,2.31,8.0,72.0,"[34.0,11.04,0.0,2.31,8.0,72.0]","[0.559322033898305,0.0007875804619462318,0.0,0.14555555555555555,0.2222222222222222,0.9142857142857143]",0
25,30.0,309.84,0,3.8,9.0,70.98,"[30.0,309.84,0.0,3.8,9.0,70.98]","[0.4915254237288136,0.22706550549034454,0.0,0.31111111111111106,0.3333333333333333,0.8851428571428572]",0
26,20.0,415.39,1,3.47,7.0,69.98,"[20.0,415.39,1.0,3.47,7.0,69.98]","[0.3220338983050847,0.30699734948882995,1.0,0.27444444444444444,0.1111111111111111,0.8565714285714287]",0
27,23.0,537.94,1,2.96,7.0,68.74,"[23.0,537.94,1.0,2.96,7.0,68.74]","[0.3728813559322034,0.3998031048845135,1.0,0.21777777777777776,0.1111111111111111,0.821142857142857]",0
28,21.0,206.31,0,2.75,8.0,68.82,"[21.0,206.31,0.0,2.75,8.0,68.82]","[0.3389830508474576,0.14866338508140856,0.0,0.19444444444444442,0.2222222222222222,0.8234285714285712]",0
29,20.0,192.85,1,2.21,8.0,73.1,"[20.0,192.85,1.0,2.21,8.0,73.1]","[0.3220338983050847,0.13847027641045057,1.0,0.13444444444444442,0.2222222222222222,0.9457142857142855]",0
30,28.0,311.81,0,2.05,8.0,69.29,"[28.0,311.81,0.0,2.05,8.0,69.29]","[0.4576271186440678,0.2285573646346081,0.0,0.11666666666666664,0.2222222222222222,0.836857142857143]",0
31,19.0,429.56,1,2.95,8.0,68.94,"[19.0,429.56,1.0,2.95,8.0,68.94]","[0.3050847457627119,0.3177281332828474,1.0,0.21666666666666667,0.2222222222222222,0.8268571428571427]",0
32,19.0,472.38,0,1.54,8.0,70.82,"[19.0,472.38,0.0,1.54,8.0,70.82]","[0.3050847457627119,0.35015524422567207,0.0,0.06,0.2222222222222222,0.8805714285714283]",0
33,26.0,607.31,0,1.55,7.0,72.2,"[26.0,607.31,0.0,1.55,7.0,72.2]","[0.423728813559322,0.4523362362741385,0.0,0.061111111111111116,0.1111111111111111,0.92]",0
34,18.0,566.97,1,2.82,7.0,71.37,"[18.0,566.97,1.0,2.82,7.0,71.37]","[0.288135593220339,0.42178720181749335,1.0,0.2022222222222222,0.1111111111111111,0.8962857142857144]",0
35,33.0,364.88,0,3.52,7.0,74.24,"[33.0,364.88,0.0,3.52,7.0,74.24]","[0.5423728813559322,0.2687466868610375,0.0,0.27999999999999997,0.1111111111111111,0.9782857142857141]",0
36,21.0,169.89,0,4.78,9.0,67.93,"[21.0,169.89,0.0,4.78,9.0,67.93]","[0.3389830508474576,0.12108292313517605,0.0,0.42,0.3333333333333333,0.7980000000000002]",0
37,20.0,287.06,1,1.71,8.0,71.75,"[20.0,287.06,1.0,1.71,8.0,71.75]","[0.3220338983050847,0.20981446421809918,1.0,0.07888888888888888,0.2222222222222222,0.9071428571428571]",0
38,29.0,225.58,0,3.4,8.0,71.25,"[29.0,225.58,0.0,3.4,8.0,71.25]","[0.4745762711864407,0.16325634229458538,0.0,0.26666666666666666,0.2222222222222222,0.8928571428571428]",0
39,16.0,522.88,1,3.71,8.0,72.74,"[16.0,522.88,1.0,3.71,8.0,72.74]","[0.2542372881355932,0.38839833396440737,1.0,0.3011111111111111,0.2222222222222222,0.9354285714285713]",0
40,21.0,337.15,1,3.9,8.0,71.47,"[21.0,337.15,1.0,3.9,8.0,71.47]","[0.3389830508474576,0.2477470655054903,1.0,0.3222222222222222,0.2222222222222222,0.8991428571428571]",0
41,15.0,275.09,0,2.5,9.0,72.95,"[15.0,275.09,0.0,2.5,9.0,72.95]","[0.23728813559322035,0.20074971601666033,0.0,0.16666666666666666,0.3333333333333333,0.9414285714285715]",0
42,20.0,60.16,0,3.81,8.0,69.97,"[20.0,60.16,0.0,3.81,8.0,69.97]","[0.3220338983050847,0.03798561151079136,0.0,0.31222222222222223,0.2222222222222222,0.8562857142857142]",0
43,23.0,358.54,1,2.25,8.0,73.1,"[23.0,358.54,1.0,2.25,8.0,73.1]","[0.3728813559322034,0.26394547519878836,1.0,0.1388888888888889,0.2222222222222222,0.9457142857142855]",0
44,8.0,231.64,0,2.97,8.0,67.08,"[8.0,231.64,0.0,2.97,8.0,67.08]","[0.11864406779661017,0.16784551306323361,0.0,0.2188888888888889,0.2222222222222222,0.7737142857142857]",0
45,22.0,274.24,1,2.1,8.0,68.81,"[22.0,274.24,1.0,2.1,8.0,68.81]","[0.3559322033898305,0.20010602044680045,1.0,0.12222222222222223,0.2222222222222222,0.8231428571428572]",0
46,29.0,372.86,0,1.77,8.0,70.63,"[29.0,372.86,0.0,1.77,8.0,70.63]","[0.4745762711864407,0.2747898523286634,0.0,0.08555555555555555,0.2222222222222222,0.875142857142857]",0
47,20.0,710.55,0,3.71,8.0,70.37,"[20.0,710.55,0.0,3.71,8.0,70.37]","[0.3220338983050847,0.5305187429004165,0.0,0.3011111111111111,0.2222222222222222,0.8677142857142858]",0
48,16.0,89.49,1,1.8,8.0,74.92,"[16.0,89.49,1.0,1.8,8.0,74.92]","[0.2542372881355932,0.06019689511548655,1.0,0.08888888888888889,0.2222222222222222,0.9977142857142858]",0
49,11.0,447.05,0,2.67,7.0,69.95,"[11.0,447.05,0.0,2.67,7.0,69.95]","[0.1694915254237288,0.330973116243847,0.0,0.18555555555555553,0.1111111111111111,0.8557142857142858]",0
50,15.0,628.38,1,2.9,8.0,71.81,"[15.0,628.38,1.0,2.9,8.0,71.81]","[0.23728813559322035,0.4682923135176069,1.0,0.21111111111111108,0.2222222222222222,0.9088571428571429]",0
51,9.0,430.16,0,3.41,9.0,72.26,"[9.0,430.16,0.0,3.41,9.0,72.26]","[0.13559322033898305,0.31818250662627795,0.0,0.2677777777777778,0.3333333333333333,0.9217142857142858]",0
52,2.0,343.1,1,2.74,8.0,70.64,"[2.0,343.1,1.0,2.74,8.0,70.64]","[0.01694915254237288,0.25225293449450964,1.0,0.19333333333333336,0.2222222222222222,0.8754285714285714]",0
53,13.0,416.9,1,2.76,8.0,71.63,"[13.0,416.9,1.0,2.76,8.0,71.63]","[0.2033898305084746,0.30814085573646344,1.0,0.1955555555555555,0.2222222222222222,0.9037142857142856]",0
54,9.0,549.52,1,5.11,9.0,70.4,"[9.0,549.52,1.0,5.11,9.0,70.4]","[0.13559322033898305,0.4085725104127224,1.0,0.45666666666666667,0.3333333333333333,0.8685714285714287]",0
55,25.0,369.0,0,3.05,7.0,70.68,"[25.0,369.0,0.0,3.05,7.0,70.68]","[0.4067796610169492,0.2718667171525937,0.0,0.22777777777777775,0.1111111111111111,0.8765714285714288]",0
56,22.0,184.63,0,3.45,8.0,68.27,"[22.0,184.63,0.0,3.45,8.0,68.27]","[0.3559322033898305,0.13224536160545247,0.0,0.27222222222222225,0.2222222222222222,0.8077142857142856]",0
57,7.0,10.0,1,3.71,8.0,70.09,"[7.0,10.0,1.0,3.71,8.0,70.09]","[0.1016949152542373,0.0,1.0,0.3011111111111111,0.2222222222222222,0.8597142857142858]",0
58,21.0,270.53,0,4.2,8.0,70.28,"[21.0,270.53,0.0,4.2,8.0,70.28]","[0.3389830508474576,0.1972964786065884,0.0,0.35555555555555557,0.2222222222222222,0.8651428571428571]",0
59,18.0,385.3,0,3.3,9.0,68.36,"[18.0,385.3,0.0,3.3,9.0,68.36]","[0.288135593220339,0.28421052631578947,0.0,0.25555555555555554,0.3333333333333333,0.8102857142857143]",0
60,4.0,295.79,0,2.75,8.0,73.15,"[4.0,295.79,0.0,2.75,8.0,73.15]","[0.05084745762711865,0.21642559636501327,0.0,0.19444444444444442,0.2222222222222222,0.9471428571428573]",0
61,15.0,322.91,0,2.72,7.0,69.02,"[15.0,322.91,0.0,2.72,7.0,69.02]","[0.23728813559322035,0.2369632714880727,0.0,0.19111111111111112,0.1111111111111111,0.829142857142857]",0
62,16.0,316.42,0,3.39,9.0,70.89,"[16.0,316.42,0.0,3.39,9.0,70.89]","[0.2542372881355932,0.2320484664899659,0.0,0.26555555555555554,0.3333333333333333,0.8825714285714286]",0
63,12.0,538.03,1,3.03,8.0,71.55,"[12.0,538.03,1.0,3.03,8.0,71.55]","[0.1864406779661017,0.399871260886028,1.0,0.2255555555555555,0.2222222222222222,0.9014285714285714]",0
64,13.0,252.2,1,3.54,8.0,67.69,"[13.0,252.2,1.0,3.54,8.0,67.69]","[0.2033898305084746,0.18341537296478605,1.0,0.2822222222222222,0.2222222222222222,0.791142857142857]",0
65,9.0,281.56,1,2.04,9.0,71.7,"[9.0,281.56,1.0,2.04,9.0,71.7]","[0.13559322033898305,0.20564937523665278,1.0,0.11555555555555555,0.3333333333333333,0.9057142857142858]",0
66,14.0,110.81,0,3.1,8.0,70.93,"[14.0,110.81,0.0,3.1,8.0,70.93]","[0.22033898305084745,0.07634229458538432,0.0,0.23333333333333334,0.2222222222222222,0.8837142857142859]",0
67,26.0,361.16,0,3.62,8.0,69.49,"[26.0,361.16,0.0,3.62,8.0,69.49]","[0.423728813559322,0.26592957213176827,0.0,0.2911111111111111,0.2222222222222222,0.8425714285714284]",0
68,28.0,179.55,1,2.4,8.0,70.57,"[28.0,179.55,1.0,2.4,8.0,70.57]","[0.4576271186440678,0.12839833396440742,1.0,0.15555555555555553,0.2222222222222222,0.8734285714285712]",0
69,17.0,499.16,1,3.75,6.0,69.75,"[17.0,499.16,1.0,3.75,6.0,69.75]","[0.2711864406779661,0.3704354411207876,1.0,0.3055555555555555,0.0,0.85]",0
70,10.0,273.77,1,2.64,7.0,71.15,"[10.0,273.77,1.0,2.64,7.0,71.15]","[0.15254237288135594,0.19975009466111318,1.0,0.18222222222222223,0.1111111111111111,0.8900000000000001]",0
71,21.0,52.79,0,2.13,7.0,69.21,"[21.0,52.79,0.0,2.13,7.0,69.21]","[0.3389830508474576,0.03240439227565316,0.0,0.12555555555555553,0.1111111111111111,0.8345714285714284]",0
72,19.0,354.24,0,3.4,6.0,70.26,"[19.0,354.24,0.0,3.4,6.0,70.26]","[0.3050847457627119,0.2606891329042029,0.0,0.26666666666666666,0.0,0.8645714285714287]",0
73,18.0,635.81,0,3.43,7.0,74.01,"[18.0,635.81,0.0,3.43,7.0,74.01]","[0.288135593220339,0.47391897008708816,0.0,0.27,0.1111111111111111,0.9717142857142859]",0
74,12.0,428.8,1,2.22,7.0,72.65,"[12.0,428.8,1.0,2.22,7.0,72.65]","[0.1864406779661017,0.31715259371450205,1.0,0.13555555555555557,0.1111111111111111,0.9328571428571429]",0
75,30.0,366.5,1,2.81,8.0,71.25,"[30.0,366.5,1.0,2.81,8.0,71.25]","[0.4915254237288136,0.26997349488829986,1.0,0.2011111111111111,0.2222222222222222,0.8928571428571428]",0
76,8.0,365.62,0,1.56,7.0,69.22,"[8.0,365.62,0.0,1.56,7.0,69.22]","[0.11864406779661017,0.26930708065126846,0.0,0.06222222222222223,0.1111111111111111,0.8348571428571429]",0
77,18.0,373.36,0,3.92,7.0,72.95,"[18.0,373.36,0.0,3.92,7.0,72.95]","[0.288135593220339,0.27516849678152216,0.0,0.3244444444444444,0.1111111111111111,0.9414285714285715]",0
78,24.0,534.74,1,3.25,8.0,72.19,"[24.0,534.74,1.0,3.25,8.0,72.19]","[0.3898305084745763,0.39737978038621735,1.0,0.25,0.2222222222222222,0.9197142857142856]",0
79,8.0,64.83,0,3.58,8.0,70.21,"[8.0,64.83,0.0,3.58,8.0,70.21]","[0.11864406779661017,0.041522150700492234,0.0,0.2866666666666667,0.2222222222222222,0.863142857142857]",0
80,26.0,354.77,0,3.26,8.0,71.43,"[26.0,354.77,0.0,3.26,8.0,71.43]","[0.423728813559322,0.26109049602423323,0.0,0.25111111111111106,0.2222222222222222,0.8980000000000001]",0
81,11.0,508.87,1,2.56,8.0,71.15,"[11.0,508.87,1.0,2.56,8.0,71.15]","[0.1694915254237288,0.3777887163953048,1.0,0.17333333333333334,0.2222222222222222,0.8900000000000001]",0
82,14.0,331.49,1,2.35,9.0,70.23,"[14.0,331.49,1.0,2.35,9.0,70.23]","[0.22033898305084745,0.2434608102991291,1.0,0.15,0.3333333333333333,0.8637142857142858]",0
83,22.0,404.57,0,1.82,8.0,69.74,"[22.0,404.57,0.0,1.82,8.0,69.74]","[0.3559322033898305,0.2988034835289663,0.0,0.09111111111111111,0.2222222222222222,0.8497142857142855]",0
84,13.0,518.68,1,2.87,7.0,72.01,"[13.0,518.68,1.0,2.87,7.0,72.01]","[0.2033898305084746,0.3852177205603937,1.0,0.20777777777777778,0.1111111111111111,0.9145714285714287]",0
85,22.0,494.63,1,2.4,8.0,71.02,"[22.0,494.63,1.0,2.4,8.0,71.02]","[0.3559322033898305,0.3670049223778871,1.0,0.15555555555555553,0.2222222222222222,0.8862857142857141]",0
86,19.0,104.67,1,1.34,9.0,70.44,"[19.0,104.67,1.0,1.34,9.0,70.44]","[0.3050847457627119,0.07169254070427868,1.0,0.037777777777777785,0.3333333333333333,0.8697142857142857]",0
87,22.0,106.26,1,2.81,8.0,69.51,"[22.0,106.26,1.0,2.81,8.0,69.51]","[0.3559322033898305,0.07289663006436956,1.0,0.2011111111111111,0.2222222222222222,0.8431428571428573]",0
88,13.0,91.86,1,5.07,8.0,69.43,"[13.0,91.86,1.0,5.07,8.0,69.43]","[0.2033898305084746,0.061991669822037104,1.0,0.45222222222222225,0.2222222222222222,0.8408571428571431]",0
89,14.0,257.35,0,2.17,7.0,68.71,"[14.0,257.35,0.0,2.17,7.0,68.71]","[0.22033898305084745,0.18731541082923137,0.0,0.12999999999999998,0.1111111111111111,0.8202857142857141]",0
90,4.0,459.64,0,3.09,7.0,69.27,"[4.0,459.64,0.0,3.09,7.0,69.27]","[0.05084745762711865,0.3405073835668307,0.0,0.2322222222222222,0.1111111111111111,0.8362857142857142]",0
91,20.0,651.24,0,1.13,8.0,68.84,"[20.0,651.24,0.0,1.13,8.0,68.84]","[0.3220338983050847,0.4856039379023097,0.0,0.014444444444444432,0.2222222222222222,0.8240000000000001]",0
92,30.0,23.3,0,3.54,7.0,68.75,"[30.0,23.3,0.0,3.54,7.0,68.75]","[0.4915254237288136,0.010071942446043165,0.0,0.2822222222222222,0.1111111111111111,0.8214285714285714]",0
93,14.0,499.13,0,4.6,8.0,72.04,"[14.0,499.13,0.0,4.6,8.0,72.04]","[0.22033898305084745,0.370412722453616,0.0,0.3999999999999999,0.2222222222222222,0.9154285714285716]",0
94,18.0,39.13,0,2.0,9.0,71.28,"[18.0,39.13,0.0,2.0,9.0,71.28]","[0.288135593220339,0.022059825823551687,0.0,0.1111111111111111,0.3333333333333333,0.8937142857142857]",0
95,34.0,320.47,0,3.76,8.0,70.67,"[34.0,320.47,0.0,3.76,8.0,70.67]","[0.559322033898305,0.23511548655812192,0.0,0.30666666666666664,0.2222222222222222,0.8762857142857143]",0
96,4.0,458.36,0,1.25,8.0,70.8,"[4.0,458.36,0.0,1.25,8.0,70.8]","[0.05084745762711865,0.3395380537675123,0.0,0.027777777777777776,0.2222222222222222,0.8799999999999999]",0
97,22.0,613.04,1,3.77,8.0,71.02,"[22.0,613.04,1.0,3.77,8.0,71.02]","[0.3559322033898305,0.4566755017039,1.0,0.30777777777777776,0.2222222222222222,0.8862857142857141]",0
98,21.0,445.02,1,3.9,8.0,72.83,"[21.0,445.02,1.0,3.9,8.0,72.83]","[0.3389830508474576,0.3294358197652404,1.0,0.3222222222222222,0.2222222222222222,0.938]",0
99,17.0,623.48,1,3.37,8.0,71.96,"[17.0,623.48,1.0,3.37,8.0,71.96]","[0.2711864406779661,0.4645815978795911,1.0,0.2633333333333333,0.2222222222222222,0.9131428571428569]",0
100,19.0,253.39,0,2.66,8.0,75.0,"[19.0,253.39,0.0,2.66,8.0,75.0]","[0.3050847457627119,0.1843165467625899,0.0,0.18444444444444444,0.2222222222222222,1.0]",0
101,27.0,664.85,1,3.74,7.0,70.24,"[27.0,664.85,1.0,3.74,7.0,70.24]","[0.4406779661016949,0.4959106399091253,1.0,0.30444444444444446,0.1111111111111111,0.8639999999999999]",0
102,13.0,84.83,0,2.13,9.0,71.89,"[13.0,84.83,0.0,2.13,9.0,71.89]","[0.2033898305084746,0.05666792881484286,0.0,0.12555555555555553,0.3333333333333333,0.9111428571428571]",0
103,14.0,526.84,1,4.14,8.0,72.18,"[14.0,526.84,1.0,4.14,8.0,72.18]","[0.22033898305084745,0.39139719803104883,1.0,0.34888888888888886,0.2222222222222222,0.9194285714285716]",0
104,22.0,468.35,1,4.11,7.0,70.28,"[22.0,468.35,1.0,4.11,7.0,70.28]","[0.3559322033898305,0.34710336993563046,1.0,0.34555555555555556,0.1111111111111111,0.8651428571428571]",0
105,20.0,271.97,1,3.38,8.0,73.17,"[20.0,271.97,1.0,3.38,8.0,73.17]","[0.3220338983050847,0.19838697463082167,1.0,0.2644444444444444,0.2222222222222222,0.9477142857142857]",0
106,13.0,449.15,1,3.33,7.0,69.41,"[13.0,449.15,1.0,3.33,7.0,69.41]","[0.2033898305084746,0.3325634229458538,1.0,0.2588888888888889,0.1111111111111111,0.8402857142857142]",0
107,10.0,256.61,0,4.26,7.0,70.09,"[10.0,256.61,0.0,4.26,7.0,70.09]","[0.15254237288135594,0.18675501703900038,0.0,0.36222222222222217,0.1111111111111111,0.8597142857142858]",0
108,17.0,504.41,1,3.23,9.0,72.23,"[17.0,504.41,1.0,3.23,9.0,72.23]","[0.2711864406779661,0.3744112078758046,1.0,0.24777777777777776,0.3333333333333333,0.9208571428571429]",0
109,17.0,408.08,0,4.52,8.0,69.52,"[17.0,408.08,0.0,4.52,8.0,69.52]","[0.2711864406779661,0.30146156758803483,0.0,0.391111111111111,0.2222222222222222,0.8434285714285713]",0
110,30.0,251.69,0,3.87,7.0,68.24,"[30.0,251.69,0.0,3.87,7.0,68.24]","[0.4915254237288136,0.18302915562287012,0.0,0.3188888888888889,0.1111111111111111,0.8068571428571427]",0
111,18.0,345.83,0,5.32,8.0,72.16,"[18.0,345.83,0.0,5.32,8.0,72.16]","[0.288135593220339,0.2543203332071185,0.0,0.48,0.2222222222222222,0.9188571428571427]",0
112,12.0,345.41,1,3.53,9.0,69.84,"[12.0,345.41,1.0,3.53,9.0,69.84]","[0.1864406779661017,0.25400227186671714,1.0,0.2811111111111111,0.3333333333333333,0.8525714285714286]",0
113,26.0,339.11,0,2.1,7.0,72.09,"[26.0,339.11,0.0,2.1,7.0,72.09]","[0.423728813559322,0.2492313517606967,0.0,0.12222222222222223,0.1111111111111111,0.9168571428571429]",0
114,8.0,857.01,0,1.0,7.0,69.53,"[8.0,857.01,0.0,1.0,7.0,69.53]","[0.11864406779661017,0.641431276031806,0.0,0.0,0.1111111111111111,0.8437142857142857]",0
115,15.0,510.61,1,1.61,8.0,70.63,"[15.0,510.61,1.0,1.61,8.0,70.63]","[0.23728813559322035,0.3791063990912533,1.0,0.06777777777777778,0.2222222222222222,0.875142857142857]",0
116,11.0,449.09,0,4.22,7.0,69.09,"[11.0,449.09,0.0,4.22,7.0,69.09]","[0.1694915254237288,0.33251798561151075,0.0,0.35777777777777775,0.1111111111111111,0.8311428571428572]",0
117,28.0,336.36,1,3.06,8.0,69.13,"[28.0,336.36,1.0,3.06,8.0,69.13]","[0.4576271186440678,0.2471488072699735,1.0,0.2288888888888889,0.2222222222222222,0.8322857142857142]",0
118,14.0,640.86,0,4.1,8.0,70.01,"[14.0,640.86,0.0,4.1,8.0,70.01]","[0.22033898305084745,0.47774327906096176,0.0,0.3444444444444444,0.2222222222222222,0.8574285714285715]",0
119,20.0,429.64,0,2.47,8.0,71.75,"[20.0,429.64,0.0,2.47,8.0,71.75]","[0.3220338983050847,0.31778871639530476,0.0,0.16333333333333336,0.2222222222222222,0.9071428571428571]",0
120,22.0,348.41,0,2.3,9.0,68.37,"[22.0,348.41,0.0,2.3,9.0,68.37]","[0.3559322033898305,0.25627413858386977,0.0,0.1444444444444444,0.3333333333333333,0.8105714285714287]",0
121,8.0,752.49,0,4.11,9.0,70.41,"[8.0,752.49,0.0,4.11,9.0,70.41]","[0.11864406779661017,0.5622794396062097,0.0,0.34555555555555556,0.3333333333333333,0.8688571428571428]",0
122,12.0,517.46,1,3.24,7.0,74.17,"[12.0,517.46,1.0,3.24,7.0,74.17]","[0.1864406779661017,0.3842938280954184,1.0,0.2488888888888889,0.1111111111111111,0.9762857142857143]",0
123,25.0,456.28,1,4.07,8.0,71.51,"[25.0,456.28,1.0,4.07,8.0,71.51]","[0.4067796610169492,0.3379628928436198,1.0,0.34111111111111114,0.2222222222222222,0.9002857142857144]",0
124,18.0,200.83,0,4.66,8.0,70.56,"[18.0,200.83,0.0,4.66,8.0,70.56]","[0.288135593220339,0.1445134418780765,0.0,0.4066666666666667,0.2222222222222222,0.8731428571428572]",0
125,13.0,379.95,1,1.44,8.0,69.61,"[13.0,379.95,1.0,1.44,8.0,69.61]","[0.2033898305084746,0.28015903067020065,1.0,0.04888888888888888,0.2222222222222222,0.846]",0
126,18.0,512.83,1,3.31,9.0,71.0,"[18.0,512.83,1.0,3.31,9.0,71.0]","[0.288135593220339,0.3807875804619462,1.0,0.25666666666666665,0.3333333333333333,0.8857142857142857]",0
127,32.0,340.49,1,3.82,8.0,70.86,"[32.0,340.49,1.0,3.82,8.0,70.86]","[0.5254237288135594,0.2502764104505869,1.0,0.3133333333333333,0.2222222222222222,0.8817142857142857]",0
128,18.0,118.03,1,3.21,7.0,73.79,"[18.0,118.03,1.0,3.21,7.0,73.79]","[0.288135593220339,0.0818099204846649,1.0,0.24555555555555553,0.1111111111111111,0.9654285714285715]",0
129,15.0,447.83,0,2.6,8.0,71.24,"[15.0,447.83,0.0,2.6,8.0,71.24]","[0.23728813559322035,0.3315638015903067,0.0,0.17777777777777778,0.2222222222222222,0.8925714285714283]",0
130,8.0,372.05,0,3.13,8.0,69.18,"[8.0,372.05,0.0,3.13,8.0,69.18]","[0.11864406779661017,0.2741764483150322,0.0,0.23666666666666664,0.2222222222222222,0.8337142857142859]",0
131,6.0,370.45,1,2.72,8.0,68.33,"[6.0,370.45,1.0,2.72,8.0,68.33]","[0.0847457627118644,0.2729647860658841,1.0,0.19111111111111112,0.2222222222222222,0.8094285714285714]",0
132,7.0,178.56,0,4.18,8.0,72.42,"[7.0,178.56,0.0,4.18,8.0,72.42]","[0.1016949152542373,0.12764861794774707,0.0,0.3533333333333333,0.2222222222222222,0.9262857142857143]",0
133,14.0,366.49,0,2.56,9.0,70.16,"[14.0,366.49,0.0,2.56,9.0,70.16]","[0.22033898305084745,0.2699659219992427,0.0,0.17333333333333334,0.3333333333333333,0.8617142857142855]",0
134,10.0,401.85,0,3.93,8.0,68.73,"[10.0,401.85,0.0,3.93,8.0,68.73]","[0.15254237288135594,0.2967436577054146,0.0,0.32555555555555554,0.2222222222222222,0.820857142857143]",0
135,13.0,485.85,0,5.25,8.0,69.13,"[13.0,485.85,0.0,5.25,8.0,69.13]","[0.2033898305084746,0.36035592578568726,0.0,0.4722222222222222,0.2222222222222222,0.8322857142857142]",0
136,19.0,868.5,1,3.7,8.0,73.46,"[19.0,868.5,1.0,3.7,8.0,73.46]","[0.3050847457627119,0.6501325255585005,1.0,0.3,0.2222222222222222,0.9559999999999997]",0
137,6.0,567.16,1,5.05,8.0,69.04,"[6.0,567.16,1.0,5.05,8.0,69.04]","[0.0847457627118644,0.4219310867095797,1.0,0.44999999999999996,0.2222222222222222,0.8297142857142858]",0
138,18.0,419.12,0,4.11,8.0,70.98,"[18.0,419.12,0.0,4.11,8.0,70.98]","[0.288135593220339,0.3098220371071564,0.0,0.34555555555555556,0.2222222222222222,0.8851428571428572]",0
139,20.0,288.32,1,2.71,8.0,70.31,"[20.0,288.32,1.0,2.71,8.0,70.31]","[0.3220338983050847,0.21076864823930327,1.0,0.18999999999999997,0.2222222222222222,0.866]",0
140,15.0,422.47,1,3.01,8.0,71.3,"[15.0,422.47,1.0,3.01,8.0,71.3]","[0.23728813559322035,0.3123589549413101,1.0,0.2233333333333333,0.2222222222222222,0.8942857142857141]",0
141,15.0,548.83,1,3.78,7.0,68.53,"[15.0,548.83,1.0,3.78,7.0,68.53]","[0.23728813559322035,0.40804998106777735,1.0,0.3088888888888888,0.1111111111111111,0.8151428571428572]",0
142,24.0,334.41,0,4.27,7.0,69.94,"[24.0,334.41,0.0,4.27,7.0,69.94]","[0.3898305084745763,0.2456720939038243,0.0,0.3633333333333333,0.1111111111111111,0.8554285714285713]",0
143,16.0,300.7,0,2.94,8.0,69.47,"[16.0,300.7,0.0,2.94,8.0,69.47]","[0.2542372881355932,0.2201438848920863,0.0,0.21555555555555553,0.2222222222222222,0.842]",0
144,17.0,334.8,1,2.51,8.0,73.38,"[17.0,334.8,1.0,2.51,8.0,73.38]","[0.2711864406779661,0.24596743657705414,1.0,0.16777777777777775,0.2222222222222222,0.9537142857142855]",0
145,5.0,378.46,1,5.17,8.0,72.32,"[5.0,378.46,1.0,5.17,8.0,72.32]","[0.06779661016949153,0.2790306702006815,1.0,0.4633333333333333,0.2222222222222222,0.9234285714285712]",0
146,15.0,392.11,0,4.54,8.0,67.32,"[15.0,392.11,0.0,4.54,8.0,67.32]","[0.23728813559322035,0.28936766376372586,0.0,0.3933333333333333,0.2222222222222222,0.7805714285714284]",0
147,31.0,600.84,1,4.52,8.0,70.63,"[31.0,600.84,1.0,4.52,8.0,70.63]","[0.5084745762711864,0.44743657705414613,1.0,0.391111111111111,0.2222222222222222,0.875142857142857]",0
148,27.0,474.87,0,2.12,7.0,69.44,"[27.0,474.87,0.0,2.12,7.0,69.44]","[0.4406779661016949,0.35204089360090873,0.0,0.12444444444444445,0.1111111111111111,0.8411428571428571]",0
149,19.0,724.8,0,2.82,8.0,71.72,"[19.0,724.8,0.0,2.82,8.0,71.72]","[0.3050847457627119,0.5413101098068913,0.0,0.2022222222222222,0.2222222222222222,0.9062857142857143]",0
150,27.0,171.73,1,2.07,8.0,70.97,"[27.0,171.73,1.0,2.07,8.0,70.97]","[0.4406779661016949,0.1224763347216963,1.0,0.11888888888888886,0.2222222222222222,0.8848571428571428]",0
151,18.0,374.74,1,4.92,7.0,69.45,"[18.0,374.74,1.0,4.92,7.0,69.45]","[0.288135593220339,0.27621355547141235,1.0,0.43555555555555553,0.1111111111111111,0.8414285714285715]",0
152,16.0,725.51,0,2.07,8.0,70.57,"[16.0,725.51,0.0,2.07,8.0,70.57]","[0.2542372881355932,0.5418477849299508,0.0,0.11888888888888886,0.2222222222222222,0.8734285714285712]",0
153,12.0,75.53,0,3.73,8.0,69.77,"[12.0,75.53,0.0,3.73,8.0,69.77]","[0.1864406779661017,0.04962514199166982,0.0,0.3033333333333333,0.2222222222222222,0.8505714285714284]",0
154,21.0,202.83,1,2.6,8.0,67.95,"[21.0,202.83,1.0,2.6,8.0,67.95]","[0.3389830508474576,0.14602801968951154,1.0,0.17777777777777778,0.2222222222222222,0.7985714285714286]",0
155,34.0,392.47,0,2.31,8.0,72.16,"[34.0,392.47,0.0,2.31,8.0,72.16]","[0.559322033898305,0.2896402877697842,0.0,0.14555555555555555,0.2222222222222222,0.9188571428571427]",0
156,23.0,499.24,1,3.76,8.0,72.45,"[23.0,499.24,1.0,3.76,8.0,72.45]","[0.3728813559322034,0.37049602423324496,1.0,0.30666666666666664,0.2222222222222222,0.9271428571428572]",0
157,21.0,701.52,0,2.95,8.0,68.92,"[21.0,701.52,0.0,2.95,8.0,68.92]","[0.3389830508474576,0.5236804240817872,0.0,0.21666666666666667,0.2222222222222222,0.8262857142857143]",0
158,11.0,125.69,1,2.33,7.0,69.3,"[11.0,125.69,1.0,2.33,7.0,69.3]","[0.1694915254237288,0.08761075350246118,1.0,0.14777777777777779,0.1111111111111111,0.8371428571428571]",0
159,13.0,218.71,0,3.2,7.0,67.31,"[13.0,218.71,0.0,3.2,7.0,67.31]","[0.2033898305084746,0.15805376751230593,0.0,0.24444444444444446,0.1111111111111111,0.7802857142857144]",0
160,22.0,623.58,1,3.53,7.0,70.59,"[22.0,623.58,1.0,3.53,7.0,70.59]","[0.3559322033898305,0.4646573267701628,1.0,0.2811111111111111,0.1111111111111111,0.8740000000000001]",0
161,12.0,393.84,1,2.57,7.0,72.17,"[12.0,393.84,1.0,2.57,7.0,72.17]","[0.1864406779661017,0.29067777357061714,1.0,0.17444444444444443,0.1111111111111111,0.9191428571428572]",0
162,19.0,449.53,1,4.93,7.0,69.79,"[19.0,449.53,1.0,4.93,7.0,69.79]","[0.3050847457627119,0.33285119273002645,1.0,0.4366666666666666,0.1111111111111111,0.8511428571428573]",0
163,17.0,602.46,1,4.87,9.0,70.26,"[17.0,602.46,1.0,4.87,9.0,70.26]","[0.2711864406779661,0.44866338508140857,1.0,0.43,0.3333333333333333,0.8645714285714287]",0
164,17.0,272.34,0,3.83,9.0,70.07,"[17.0,272.34,0.0,3.83,9.0,70.07]","[0.2711864406779661,0.1986671715259371,0.0,0.3144444444444444,0.3333333333333333,0.8591428571428569]",0
165,18.0,181.78,0,2.76,9.0,72.51,"[18.0,181.78,0.0,2.76,9.0,72.51]","[0.288135593220339,0.13008708822415752,0.0,0.1955555555555555,0.3333333333333333,0.9288571428571429]",0
166,21.0,434.82,1,2.43,8.0,72.04,"[21.0,434.82,1.0,2.43,8.0,72.04]","[0.3389830508474576,0.3217114729269216,1.0,0.15888888888888889,0.2222222222222222,0.9154285714285716]",0
167,46.0,479.77,1,7.58,14.0,45.91,"[46.0,479.77,1.0,7.58,14.0,45.91]","[0.7627118644067796,0.3557516092389246,1.0,0.731111111111111,0.8888888888888888,0.16885714285714276]",1
168,35.0,871.76,1,7.38,15.0,45.08,"[35.0,871.76,1.0,7.38,15.0,45.08]","[0.576271186440678,0.6526012873911397,1.0,0.7088888888888888,1.0,0.1451428571428571]",1
169,42.0,797.74,0,7.58,14.0,46.24,"[42.0,797.74,0.0,7.58,14.0,46.24]","[0.6949152542372882,0.596546762589928,0.0,0.731111111111111,0.8888888888888888,0.17828571428571433]",1
170,36.0,793.45,0,7.18,13.0,45.9,"[36.0,793.45,0.0,7.18,13.0,45.9]","[0.5932203389830508,0.5932979931843998,0.0,0.6866666666666666,0.7777777777777777,0.16857142857142854]",1
171,41.0,832.71,1,9.22,14.0,42.43,"[41.0,832.71,1.0,9.22,14.0,42.43]","[0.6779661016949152,0.6230291556228701,1.0,0.9133333333333333,0.8888888888888888,0.06942857142857142]",1
172,41.0,766.67,0,6.73,14.0,44.71,"[41.0,766.67,0.0,6.73,14.0,44.71]","[0.6779661016949152,0.5730177962892843,0.0,0.6366666666666667,0.8888888888888888,0.1345714285714286]",1
173,47.0,592.93,1,6.65,13.0,47.15,"[47.0,592.93,1.0,6.65,13.0,47.15]","[0.7796610169491526,0.44144642180992044,1.0,0.6277777777777778,0.7777777777777777,0.20428571428571424]",1
174,37.0,841.34,0,5.9,13.0,45.57,"[37.0,841.34,0.0,5.9,13.0,45.57]","[0.6101694915254238,0.6295645588792124,0.0,0.5444444444444445,0.7777777777777777,0.15914285714285714]",1
175,38.0,984.63,1,6.88,14.0,43.34,"[38.0,984.63,1.0,6.88,14.0,43.34]","[0.6271186440677966,0.7380764861794774,1.0,0.6533333333333333,0.8888888888888888,0.09542857142857153]",1
176,27.0,874.26,0,7.05,14.0,45.72,"[27.0,874.26,0.0,7.05,14.0,45.72]","[0.4406779661016949,0.6544945096554335,0.0,0.6722222222222222,0.8888888888888888,0.1634285714285714]",1
177,51.0,1051.27,0,8.12,15.0,46.47,"[51.0,1051.27,0.0,8.12,15.0,46.47]","[0.847457627118644,0.7885422188564937,0.0,0.791111111111111,1.0,0.18485714285714283]",1
178,30.0,460.6,0,7.15,14.0,45.57,"[30.0,460.6,0.0,7.15,14.0,45.57]","[0.4915254237288136,0.3412343809163196,0.0,0.6833333333333333,0.8888888888888888,0.15914285714285714]",1
179,37.0,779.05,1,7.46,13.0,43.64,"[37.0,779.05,1.0,7.46,13.0,43.64]","[0.6101694915254238,0.5823930329420673,1.0,0.7177777777777777,0.7777777777777777,0.10400000000000001]",1
180,42.0,869.04,0,6.45,15.0,41.27,"[42.0,869.04,0.0,6.45,15.0,41.27]","[0.6949152542372882,0.650541461567588,0.0,0.6055555555555555,1.0,0.03628571428571437]",1
181,49.0,905.5,1,8.3,13.0,43.33,"[49.0,905.5,1.0,8.3,13.0,43.33]","[0.8135593220338984,0.6781522150700492,1.0,0.8111111111111111,0.7777777777777777,0.09514285714285708]",1
182,48.0,718.61,1,6.36,13.0,41.85,"[48.0,718.61,1.0,6.36,13.0,41.85]","[0.7966101694915254,0.5366224914804998,1.0,0.5955555555555555,0.7777777777777777,0.052857142857142894]",1
183,39.0,1021.2,0,9.09,14.0,43.85,"[39.0,1021.2,0.0,9.09,14.0,43.85]","[0.6440677966101694,0.7657705414615675,0.0,0.8988888888888888,0.8888888888888888,0.11000000000000004]",1
184,50.0,855.74,1,7.39,14.0,43.72,"[50.0,855.74,1.0,7.39,14.0,43.72]","[0.8305084745762712,0.6404695191215448,1.0,0.71,0.8888888888888888,0.10628571428571425]",1
185,45.0,1057.61,0,7.54,14.0,44.28,"[45.0,1057.61,0.0,7.54,14.0,44.28]","[0.7457627118644068,0.7933434305187428,0.0,0.7266666666666667,0.8888888888888888,0.12228571428571432]",1
186,46.0,765.98,1,8.5,14.0,43.58,"[46.0,765.98,1.0,8.5,14.0,43.58]","[0.7627118644067796,0.5724952669443393,1.0,0.8333333333333333,0.8888888888888888,0.10228571428571423]",1
187,35.0,717.42,0,5.08,14.0,46.92,"[35.0,717.42,0.0,5.08,14.0,46.92]","[0.576271186440678,0.5357213176826959,0.0,0.4533333333333333,0.8888888888888888,0.19771428571428576]",1
188,40.0,774.59,0,6.94,14.0,43.36,"[40.0,774.59,0.0,6.94,14.0,43.36]","[0.6610169491525424,0.5790155244225672,0.0,0.66,0.8888888888888888,0.09599999999999997]",1
189,31.0,905.1,0,6.27,15.0,45.33,"[31.0,905.1,0.0,6.27,15.0,45.33]","[0.5084745762711864,0.6778492995077622,0.0,0.5855555555555555,1.0,0.15228571428571422]",1
190,48.0,957.19,1,6.95,13.0,43.43,"[48.0,957.19,1.0,6.95,13.0,43.43]","[0.7966101694915254,0.7172964786065884,1.0,0.6611111111111111,0.7777777777777777,0.09799999999999999]",1
191,32.0,563.64,0,7.13,13.0,45.99,"[32.0,563.64,0.0,7.13,13.0,45.99]","[0.5254237288135594,0.419265429761454,0.0,0.6811111111111111,0.7777777777777777,0.1711428571428572]",1
192,39.0,852.69,1,7.9,14.0,45.7,"[39.0,852.69,1.0,7.9,14.0,45.7]","[0.6440677966101694,0.6381597879591064,1.0,0.7666666666666667,0.8888888888888888,0.16285714285714292]",1
193,53.0,992.47,1,7.88,14.0,43.3,"[53.0,992.47,1.0,7.88,14.0,43.3]","[0.8813559322033898,0.744013631200303,1.0,0.7644444444444444,0.8888888888888888,0.0942857142857142]",1
194,29.0,1273.04,0,6.67,14.0,44.36,"[29.0,1273.04,0.0,6.67,14.0,44.36]","[0.4745762711864407,0.9564861794774706,0.0,0.63,0.8888888888888888,0.12457142857142856]",1
195,42.0,921.8,0,7.72,13.0,46.14,"[42.0,921.8,0.0,7.72,13.0,46.14]","[0.6949152542372882,0.690496024233245,0.0,0.7466666666666666,0.7777777777777777,0.17542857142857143]",1
196,51.0,904.86,1,8.35,14.0,43.25,"[51.0,904.86,1.0,8.35,14.0,43.25]","[0.847457627118644,0.6776675501703899,1.0,0.8166666666666665,0.8888888888888888,0.09285714285714286]",1
197,37.0,634.7,1,7.4,14.0,44.25,"[37.0,634.7,1.0,7.4,14.0,44.25]","[0.6101694915254238,0.4730783794017418,1.0,0.7111111111111111,0.8888888888888888,0.12142857142857143]",1
198,36.0,831.48,1,6.49,14.0,44.67,"[36.0,831.48,1.0,6.49,14.0,44.67]","[0.5932203389830508,0.6220976902688375,1.0,0.61,0.8888888888888888,0.13342857142857148]",1
199,38.0,574.09,1,8.1,14.0,43.34,"[38.0,574.09,1.0,8.1,14.0,43.34]","[0.6271186440677966,0.4271790988262022,1.0,0.7888888888888888,0.8888888888888888,0.09542857142857153]",1
200,30.0,797.62,0,7.55,13.0,42.08,"[30.0,797.62,0.0,7.55,13.0,42.08]","[0.4915254237288136,0.5964558879212419,0.0,0.7277777777777777,0.7777777777777777,0.05942857142857138]",1
201,28.0,716.01,1,8.86,14.0,44.46,"[28.0,716.01,1.0,8.86,14.0,44.46]","[0.4576271186440678,0.5346535403256342,1.0,0.8733333333333332,0.8888888888888888,0.12742857142857145]",1
202,39.0,485.16,0,7.84,14.0,42.35,"[39.0,485.16,0.0,7.84,14.0,42.35]","[0.6440677966101694,0.35983339644074214,0.0,0.7599999999999999,0.8888888888888888,0.06714285714285718]",1
203,51.0,737.22,1,7.74,14.0,45.02,"[51.0,737.22,1.0,7.74,14.0,45.02]","[0.847457627118644,0.5507156380159031,1.0,0.7488888888888888,0.8888888888888888,0.14342857142857152]",1
204,46.0,925.89,1,8.51,14.0,44.34,"[46.0,925.89,1.0,8.51,14.0,44.34]","[0.7627118644067796,0.6935933358576296,1.0,0.8344444444444443,0.8888888888888888,0.1240000000000001]",1
205,60.0,836.68,1,7.45,13.0,41.41,"[60.0,836.68,1.0,7.45,13.0,41.41]","[1.0,0.6260355925785687,1.0,0.7166666666666667,0.7777777777777777,0.04028571428571419]",1
206,48.0,844.2,1,8.08,14.0,45.93,"[48.0,844.2,1.0,8.08,14.0,45.93]","[0.7966101694915254,0.6317304051495646,1.0,0.7866666666666666,0.8888888888888888,0.16942857142857143]",1
207,42.0,805.38,0,6.72,13.0,40.57,"[42.0,805.38,0.0,6.72,13.0,40.57]","[0.6949152542372882,0.60233244982961,0.0,0.6355555555555555,0.7777777777777777,0.016285714285714292]",1
208,52.0,669.21,1,7.35,13.0,46.26,"[52.0,669.21,1.0,7.35,13.0,46.26]","[0.864406779661017,0.4992124195380538,1.0,0.7055555555555555,0.7777777777777777,0.1788571428571428]",1
209,33.0,1019.94,0,6.46,14.0,45.45,"[33.0,1019.94,0.0,6.46,14.0,45.45]","[0.5423728813559322,0.7648163574403635,0.0,0.6066666666666666,0.8888888888888888,0.15571428571428578]",1
210,51.0,1243.86,0,6.26,14.0,44.78,"[51.0,1243.86,0.0,6.26,14.0,44.78]","[0.847457627118644,0.9343884892086329,0.0,0.5844444444444444,0.8888888888888888,0.1365714285714286]",1
211,45.0,846.68,0,9.98,15.0,42.24,"[45.0,846.68,0.0,9.98,15.0,42.24]","[0.7457627118644068,0.633608481635744,0.0,0.9977777777777778,1.0,0.06400000000000006]",1
212,36.0,1056.69,1,6.11,14.0,42.48,"[36.0,1056.69,1.0,6.11,14.0,42.48]","[0.5932203389830508,0.7926467247254828,1.0,0.5677777777777778,0.8888888888888888,0.07085714285714277]",1
213,48.0,934.01,1,7.97,14.0,44.58,"[48.0,934.01,1.0,7.97,14.0,44.58]","[0.7966101694915254,0.699742521772056,1.0,0.7744444444444444,0.8888888888888888,0.1308571428571428]",1
214,52.0,660.79,1,8.08,13.0,44.67,"[52.0,660.79,1.0,8.08,13.0,44.67]","[0.864406779661017,0.4928360469519121,1.0,0.7866666666666666,0.7777777777777777,0.13342857142857148]",1
215,36.0,555.32,0,6.59,14.0,44.3,"[36.0,555.32,0.0,6.59,14.0,44.3]","[0.5932203389830508,0.41296478606588416,0.0,0.6211111111111111,0.8888888888888888,0.12285714285714278]",1
216,47.0,664.28,1,5.92,14.0,42.75,"[47.0,664.28,1.0,5.92,14.0,42.75]","[0.7796610169491526,0.49547898523286626,1.0,0.5466666666666666,0.8888888888888888,0.07857142857142857]",1
217,37.0,828.68,0,6.63,14.0,42.27,"[37.0,828.68,0.0,6.63,14.0,42.27]","[0.6101694915254238,0.6199772813328284,0.0,0.6255555555555555,0.8888888888888888,0.06485714285714295]",1
218,37.0,855.17,1,8.68,14.0,45.0,"[37.0,855.17,1.0,8.68,14.0,45.0]","[0.6101694915254238,0.6400378644452858,1.0,0.8533333333333333,0.8888888888888888,0.14285714285714285]",1
219,46.0,640.06,0,6.89,14.0,44.48,"[46.0,640.06,0.0,6.89,14.0,44.48]","[0.7627118644067796,0.4771374479363877,0.0,0.6544444444444444,0.8888888888888888,0.12799999999999992]",1
220,39.0,596.69,0,8.73,14.0,42.1,"[39.0,596.69,0.0,8.73,14.0,42.1]","[0.6440677966101694,0.4442938280954184,0.0,0.8588888888888889,0.8888888888888888,0.06000000000000004]",1
221,48.0,776.02,1,8.63,14.0,44.58,"[48.0,776.02,1.0,8.63,14.0,44.58]","[0.7966101694915254,0.5800984475577432,1.0,0.8477777777777779,0.8888888888888888,0.1308571428571428]",1
222,36.0,821.21,0,6.35,14.0,48.6,"[36.0,821.21,0.0,6.35,14.0,48.6]","[0.5932203389830508,0.6143203332071185,0.0,0.5944444444444443,0.8888888888888888,0.24571428571428575]",1
223,35.0,828.09,1,7.14,15.0,45.25,"[35.0,828.09,1.0,7.14,15.0,45.25]","[0.576271186440678,0.6195304808784551,1.0,0.6822222222222222,1.0,0.15]",1
224,40.0,874.47,0,7.83,14.0,45.02,"[40.0,874.47,0.0,7.83,14.0,45.02]","[0.6610169491525424,0.6546535403256342,0.0,0.7588888888888888,0.8888888888888888,0.14342857142857152]",1
225,55.0,686.47,1,7.5,13.0,43.12,"[55.0,686.47,1.0,7.5,13.0,43.12]","[0.9152542372881356,0.5122832260507384,1.0,0.7222222222222222,0.7777777777777777,0.08914285714285707]",1
226,49.0,1019.63,0,7.65,13.0,44.36,"[49.0,1019.63,0.0,7.65,13.0,44.36]","[0.8135593220338984,0.764581597879591,0.0,0.7388888888888889,0.7777777777777777,0.12457142857142856]",1
227,45.0,805.67,1,6.71,15.0,40.74,"[45.0,805.67,1.0,6.71,15.0,40.74]","[0.7457627118644068,0.602552063612268,1.0,0.6344444444444444,1.0,0.0211428571428572]",1
228,42.0,972.14,1,7.04,14.0,44.24,"[42.0,972.14,1.0,7.04,14.0,44.24]","[0.6949152542372882,0.7286179477470655,1.0,0.6711111111111111,0.8888888888888888,0.12114285714285719]",1
229,44.0,1045.32,0,7.03,14.0,44.22,"[44.0,1045.32,0.0,7.03,14.0,44.22]","[0.7288135593220338,0.7840363498674744,0.0,0.67,0.8888888888888888,0.12057142857142854]",1
230,43.0,780.66,0,7.16,14.0,44.06,"[43.0,780.66,0.0,7.16,14.0,44.06]","[0.711864406779661,0.5836122680802726,0.0,0.6844444444444444,0.8888888888888888,0.11600000000000006]",1
231,46.0,783.48,1,7.82,14.0,43.09,"[46.0,783.48,1.0,7.82,14.0,43.09]","[0.7627118644067796,0.5857478227943961,1.0,0.7577777777777778,0.8888888888888888,0.08828571428571438]",1
232,36.0,594.29,0,7.14,15.0,43.2,"[36.0,594.29,0.0,7.14,15.0,43.2]","[0.5932203389830508,0.4424763347216963,0.0,0.6822222222222222,1.0,0.09142857142857151]",1
233,38.0,959.81,1,7.84,13.0,41.54,"[38.0,959.81,1.0,7.84,13.0,41.54]","[0.6271186440677966,0.7192805755395683,1.0,0.7599999999999999,0.7777777777777777,0.04399999999999998]",1
234,40.0,413.92,1,6.93,15.0,40.76,"[40.0,413.92,1.0,6.93,15.0,40.76]","[0.6610169491525424,0.3058841347974252,1.0,0.6588888888888889,1.0,0.021714285714285658]",1
235,48.0,1040.38,0,7.17,15.0,42.33,"[48.0,1040.38,0.0,7.17,15.0,42.33]","[0.7966101694915254,0.7802953426732299,0.0,0.6855555555555555,1.0,0.06657142857142852]",1
236,47.0,814.26,1,7.16,13.0,42.76,"[47.0,814.26,1.0,7.16,13.0,42.76]","[0.7796610169491526,0.6090571753123817,1.0,0.6844444444444444,0.7777777777777777,0.07885714285714279]",1
237,28.0,887.3,0,7.49,12.0,43.35,"[28.0,887.3,0.0,7.49,12.0,43.35]","[0.4576271186440678,0.6643695569859901,0.0,0.7211111111111111,0.6666666666666666,0.09571428571428575]",1
238,49.0,1081.16,0,5.73,14.0,45.49,"[49.0,1081.16,0.0,5.73,14.0,45.49]","[0.8135593220338984,0.8111775842483908,0.0,0.5255555555555556,0.8888888888888888,0.15685714285714292]",1
239,39.0,861.74,1,6.82,14.0,41.61,"[39.0,861.74,1.0,6.82,14.0,41.61]","[0.6440677966101694,0.6450132525558501,1.0,0.6466666666666666,0.8888888888888888,0.045999999999999985]",1
240,42.0,717.05,1,7.6,13.0,44.96,"[42.0,717.05,1.0,7.6,13.0,44.96]","[0.6949152542372882,0.5354411207875804,1.0,0.7333333333333333,0.7777777777777777,0.14171428571428574]",1
241,43.0,952.19,1,7.06,13.0,44.15,"[43.0,952.19,1.0,7.06,13.0,44.15]","[0.711864406779661,0.7135100340780007,1.0,0.6733333333333332,0.7777777777777777,0.11857142857142852]",1
242,37.0,581.9,0,6.44,14.0,44.28,"[37.0,581.9,0.0,6.44,14.0,44.28]","[0.6101694915254238,0.43309352517985605,0.0,0.6044444444444445,0.8888888888888888,0.12228571428571432]",1
243,40.0,930.52,0,8.47,13.0,42.65,"[40.0,930.52,0.0,8.47,13.0,42.65]","[0.6610169491525424,0.6970995834911018,0.0,0.8300000000000001,0.7777777777777777,0.07571428571428566]",1
244,35.0,669.51,0,7.12,14.0,45.94,"[35.0,669.51,0.0,7.12,14.0,45.94]","[0.576271186440678,0.499439606209769,0.0,0.6799999999999999,0.8888888888888888,0.16971428571428565]",1
245,31.0,844.64,1,7.48,14.0,41.86,"[31.0,844.64,1.0,7.48,14.0,41.86]","[0.5084745762711864,0.6320636122680803,1.0,0.72,0.8888888888888888,0.053142857142857124]",1
246,43.0,859.48,1,7.02,14.0,46.0,"[43.0,859.48,1.0,7.02,14.0,46.0]","[0.711864406779661,0.6433017796289284,1.0,0.6688888888888888,0.8888888888888888,0.17142857142857143]",1
247,41.0,752.95,0,9.37,14.0,46.52,"[41.0,752.95,0.0,9.37,14.0,46.52]","[0.6779661016949152,0.5626277925028398,0.0,0.9299999999999998,0.8888888888888888,0.18628571428571436]",1
248,49.0,965.09,0,8.19,13.0,47.08,"[49.0,965.09,0.0,8.19,13.0,47.08]","[0.8135593220338984,0.7232790609617569,0.0,0.7988888888888888,0.7777777777777777,0.20228571428571424]",1
249,49.0,704.64,0,7.96,14.0,45.34,"[49.0,704.64,0.0,7.96,14.0,45.34]","[0.8135593220338984,0.5260431654676259,0.0,0.7733333333333333,0.8888888888888888,0.15257142857142866]",1
250,44.0,948.6,1,7.89,14.0,44.01,"[44.0,948.6,1.0,7.89,14.0,44.01]","[0.7288135593220338,0.7107913669064748,1.0,0.7655555555555554,0.8888888888888888,0.1145714285714285]",1
251,45.0,1077.69,1,8.33,13.0,44.83,"[45.0,1077.69,1.0,8.33,13.0,44.83]","[0.7457627118644068,0.808549791745551,1.0,0.8144444444444444,0.7777777777777777,0.13799999999999996]",1
252,43.0,881.46,0,7.64,14.0,43.79,"[43.0,881.46,0.0,7.64,14.0,43.79]","[0.711864406779661,0.6599469897765997,0.0,0.7377777777777778,0.8888888888888888,0.10828571428571426]",1
253,38.0,916.41,1,8.13,13.0,43.81,"[38.0,916.41,1.0,8.13,13.0,43.81]","[0.6271186440677966,0.6864142370314275,1.0,0.7922222222222223,0.7777777777777777,0.10885714285714292]",1
254,33.0,589.62,1,7.52,13.0,44.11,"[33.0,589.62,1.0,7.52,13.0,44.11]","[0.5423728813559322,0.4389397955319954,1.0,0.7244444444444443,0.7777777777777777,0.11742857142857141]",1
255,41.0,808.67,1,7.41,14.0,45.21,"[41.0,808.67,1.0,7.41,14.0,45.21]","[0.6779661016949152,0.6048239303294206,1.0,0.7122222222222222,0.8888888888888888,0.14885714285714288]",1
256,46.0,757.14,1,6.09,14.0,40.77,"[46.0,757.14,1.0,6.09,14.0,40.77]","[0.7627118644067796,0.5658008330177963,1.0,0.5655555555555555,0.8888888888888888,0.02200000000000009]",1
257,57.0,898.29,1,5.95,14.0,41.15,"[57.0,898.29,1.0,5.95,14.0,41.15]","[0.9491525423728814,0.6726921620598257,1.0,0.55,0.8888888888888888,0.032857142857142814]",1
258,46.0,921.99,0,9.74,14.0,40.0,"[46.0,921.99,0.0,9.74,14.0,40.0]","[0.7627118644067796,0.6906399091253312,0.0,0.971111111111111,0.8888888888888888,0.0]",1
259,52.0,957.47,1,6.37,14.0,41.04,"[52.0,957.47,1.0,6.37,14.0,41.04]","[0.864406779661017,0.7175085195001893,1.0,0.5966666666666667,0.8888888888888888,0.02971428571428569]",1
260,50.0,535.88,0,7.16,14.0,42.39,"[50.0,535.88,0.0,7.16,14.0,42.39]","[0.8305084745762712,0.3982430897387353,0.0,0.6844444444444444,0.8888888888888888,0.0682857142857143]",1
261,35.0,1018.53,1,7.75,14.0,45.79,"[35.0,1018.53,1.0,7.75,14.0,45.79]","[0.576271186440678,0.7637485800833017,1.0,0.75,0.8888888888888888,0.1654285714285714]",1
262,40.0,842.59,1,6.41,14.0,43.32,"[40.0,842.59,1.0,6.41,14.0,43.32]","[0.6610169491525424,0.6305111700113594,1.0,0.601111111111111,0.8888888888888888,0.09485714285714286]",1
263,34.0,878.07,0,7.65,15.0,42.87,"[34.0,878.07,0.0,7.65,15.0,42.87]","[0.559322033898305,0.6573797803862174,0.0,0.7388888888888889,1.0,0.08199999999999992]",1
264,44.0,946.83,0,8.27,13.0,44.39,"[44.0,946.83,0.0,8.27,13.0,44.39]","[0.7288135593220338,0.7094509655433547,0.0,0.8077777777777777,0.7777777777777777,0.12542857142857144]",1
265,45.0,1081.75,1,5.66,13.0,44.69,"[45.0,1081.75,1.0,5.66,13.0,44.69]","[0.7457627118644068,0.8116243847027641,1.0,0.5177777777777778,0.7777777777777777,0.13399999999999992]",1
266,52.0,970.78,1,6.97,13.0,42.84,"[52.0,970.78,1.0,6.97,13.0,42.84]","[0.864406779661017,0.7275880348352896,1.0,0.6633333333333332,0.7777777777777777,0.08114285714285724]",1
267,31.0,823.61,0,7.35,14.0,47.0,"[31.0,823.61,0.0,7.35,14.0,47.0]","[0.5084745762711864,0.6161378265808406,0.0,0.7055555555555555,0.8888888888888888,0.19999999999999998]",1
268,47.0,853.6,0,7.4,15.0,47.16,"[47.0,853.6,0.0,7.4,15.0,47.16]","[0.7796610169491526,0.6388489208633094,0.0,0.7111111111111111,1.0,0.20457142857142846]",1
269,55.0,595.19,0,8.04,14.0,45.14,"[55.0,595.19,0.0,8.04,14.0,45.14]","[0.9152542372881356,0.44315789473684214,0.0,0.782222222222222,0.8888888888888888,0.14685714285714288]",1
270,40.0,816.29,1,8.71,13.0,44.36,"[40.0,816.29,1.0,8.71,13.0,44.36]","[0.6610169491525424,0.6105944717909882,1.0,0.8566666666666667,0.7777777777777777,0.12457142857142856]",1
271,40.0,1024.68,1,8.29,15.0,46.24,"[40.0,1024.68,1.0,8.29,15.0,46.24]","[0.6610169491525424,0.7684059068534645,1.0,0.8099999999999998,1.0,0.17828571428571433]",1
272,45.0,921.05,0,5.82,13.0,43.01,"[45.0,921.05,0.0,5.82,13.0,43.01]","[0.7457627118644068,0.6899280575539568,0.0,0.5355555555555556,0.7777777777777777,0.08599999999999994]",1
273,42.0,500.49,0,8.21,12.0,43.7,"[42.0,500.49,0.0,8.21,12.0,43.7]","[0.6949152542372882,0.3714426353653919,0.0,0.8011111111111111,0.6666666666666666,0.10571428571428579]",1
274,42.0,978.74,1,8.43,14.0,45.45,"[42.0,978.74,1.0,8.43,14.0,45.45]","[0.6949152542372882,0.7336160545248012,1.0,0.8255555555555555,0.8888888888888888,0.15571428571428578]",1
275,45.0,756.64,0,8.12,13.0,42.95,"[45.0,756.64,0.0,8.12,13.0,42.95]","[0.7457627118644068,0.5654221885649375,0.0,0.791111111111111,0.7777777777777777,0.08428571428571437]",1
276,50.0,1105.8,1,6.69,14.0,45.61,"[50.0,1105.8,1.0,6.69,14.0,45.61]","[0.8305084745762712,0.8298371828852706,1.0,0.6322222222222222,0.8888888888888888,0.16028571428571425]",1
277,52.0,749.56,1,7.2,14.0,44.04,"[52.0,749.56,1.0,7.2,14.0,44.04]","[0.864406779661017,0.5600605831124573,1.0,0.6888888888888889,0.8888888888888888,0.1154285714285714]",1
278,31.0,962.5,1,6.54,14.0,44.5,"[31.0,962.5,1.0,6.54,14.0,44.5]","[0.5084745762711864,0.7213176826959484,1.0,0.6155555555555555,0.8888888888888888,0.12857142857142856]",1
279,41.0,871.18,1,6.89,14.0,45.88,"[41.0,871.18,1.0,6.89,14.0,45.88]","[0.6779661016949152,0.6521620598258234,1.0,0.6544444444444444,0.8888888888888888,0.16800000000000007]",1
280,55.0,804.37,1,10.0,13.0,43.74,"[55.0,804.37,1.0,10.0,13.0,43.74]","[0.9152542372881356,0.6015675880348352,1.0,1.0,0.7777777777777777,0.10685714285714291]",1
281,33.0,916.74,1,6.96,14.0,42.5,"[33.0,916.74,1.0,6.96,14.0,42.5]","[0.5423728813559322,0.6866641423703143,1.0,0.6622222222222222,0.8888888888888888,0.07142857142857142]",1
282,38.0,546.22,1,7.72,14.0,40.58,"[38.0,546.22,1.0,7.72,14.0,40.58]","[0.6271186440677966,0.4060734570238546,1.0,0.7466666666666666,0.8888888888888888,0.01657142857142852]",1
283,45.0,952.8,1,7.4,14.0,46.02,"[45.0,952.8,1.0,7.4,14.0,46.02]","[0.7457627118644068,0.7139719803104884,1.0,0.7111111111111111,0.8888888888888888,0.1720000000000001]",1
284,42.0,603.0,0,6.51,13.0,42.04,"[42.0,603.0,0.0,6.51,13.0,42.04]","[0.6949152542372882,0.449072321090496,0.0,0.6122222222222221,0.7777777777777777,0.05828571428571426]",1
285,33.0,709.34,1,7.42,14.0,42.49,"[33.0,709.34,1.0,7.42,14.0,42.49]","[0.5423728813559322,0.5296024233244983,1.0,0.7133333333333333,0.8888888888888888,0.0711428571428572]",1
286,38.0,407.63,0,7.68,14.0,48.11,"[38.0,407.63,0.0,7.68,14.0,48.11]","[0.6271186440677966,0.3011207875804619,0.0,0.7422222222222221,0.8888888888888888,0.23171428571428568]",1
287,40.0,920.82,1,8.52,14.0,47.97,"[40.0,920.82,1.0,8.52,14.0,47.97]","[0.6610169491525424,0.6897538811056418,1.0,0.8355555555555555,0.8888888888888888,0.22771428571428567]",1
288,43.0,712.2,1,7.5,13.0,41.72,"[43.0,712.2,1.0,7.5,13.0,41.72]","[0.711864406779661,0.5317682695948505,1.0,0.7222222222222222,0.7777777777777777,0.049142857142857106]",1
289,56.0,1190.87,0,5.77,14.0,45.16,"[56.0,1190.87,0.0,5.77,14.0,45.16]","[0.9322033898305084,0.894259750094661,0.0,0.5299999999999999,0.8888888888888888,0.14742857142857133]",1
290,47.0,897.11,0,8.33,15.0,45.4,"[47.0,897.11,0.0,8.33,15.0,45.4]","[0.7796610169491526,0.6717985611510792,0.0,0.8144444444444444,1.0,0.15428571428571425]",1
291,32.0,799.24,1,7.19,14.0,44.41,"[32.0,799.24,1.0,7.19,14.0,44.41]","[0.5254237288135594,0.5976826959485043,1.0,0.6877777777777778,0.8888888888888888,0.1259999999999999]",1
292,43.0,663.74,1,7.45,13.0,46.76,"[43.0,663.74,1.0,7.45,13.0,46.76]","[0.711864406779661,0.49507004922377884,1.0,0.7166666666666667,0.7777777777777777,0.1931428571428571]",1
293,38.0,840.81,0,6.35,13.0,44.32,"[38.0,840.81,0.0,6.35,13.0,44.32]","[0.6271186440677966,0.629163195759182,0.0,0.5944444444444443,0.7777777777777777,0.12342857142857143]",1
294,55.0,970.68,0,7.93,15.0,43.68,"[55.0,970.68,0.0,7.93,15.0,43.68]","[0.9152542372881356,0.7275123059447178,0.0,0.7699999999999999,1.0,0.10514285714285714]",1
295,27.0,844.01,0,7.73,13.0,45.89,"[27.0,844.01,0.0,7.73,13.0,45.89]","[0.4406779661016949,0.6315865202574782,0.0,0.7477777777777778,0.7777777777777777,0.1682857142857143]",1
296,47.0,540.31,0,7.78,13.0,43.95,"[47.0,540.31,0.0,7.78,13.0,43.95]","[0.7796610169491526,0.4015978795910639,0.0,0.7533333333333333,0.7777777777777777,0.11285714285714293]",1
297,46.0,1046.05,0,6.86,15.0,42.75,"[46.0,1046.05,0.0,6.86,15.0,42.75]","[0.7627118644067796,0.7845891707686482,0.0,0.6511111111111111,1.0,0.07857142857142857]",1
298,44.0,675.72,0,7.8,14.0,43.04,"[44.0,675.72,0.0,7.8,14.0,43.04]","[0.7288135593220338,0.5041423703142749,0.0,0.7555555555555555,0.8888888888888888,0.08685714285714283]",1
299,43.0,837.58,0,6.29,14.0,44.69,"[43.0,837.58,0.0,6.29,14.0,44.69]","[0.711864406779661,0.6267171525937145,0.0,0.5877777777777777,0.8888888888888888,0.13399999999999992]",1
300,49.0,1330.5,1,7.96,13.0,42.56,"[49.0,1330.5,1.0,7.96,13.0,42.56]","[0.8135593220338984,1.0,1.0,0.7733333333333333,0.7777777777777777,0.0731428571428572]",1
301,40.0,993.62,0,7.03,14.0,43.46,"[40.0,993.62,0.0,7.03,14.0,43.46]","[0.6610169491525424,0.744884513441878,0.0,0.67,0.8888888888888888,0.09885714285714288]",1
302,49.0,847.11,0,9.03,13.0,42.11,"[49.0,847.11,0.0,9.03,13.0,42.11]","[0.8135593220338984,0.6339341158652025,0.0,0.8922222222222221,0.7777777777777777,0.06028571428571427]",1
303,48.0,1114.98,1,6.74,14.0,43.92,"[48.0,1114.98,1.0,6.74,14.0,43.92]","[0.7966101694915254,0.8367890950397576,1.0,0.6377777777777778,0.8888888888888888,0.11200000000000004]",1
304,52.0,800.64,0,6.1,14.0,43.45,"[52.0,800.64,0.0,6.1,14.0,43.45]","[0.864406779661017,0.5987429004165089,0.0,0.5666666666666665,0.8888888888888888,0.09857142857142864]",1
305,39.0,866.95,0,6.82,14.0,44.12,"[39.0,866.95,0.0,6.82,14.0,44.12]","[0.6440677966101694,0.6489587277546384,0.0,0.6466666666666666,0.8888888888888888,0.11771428571428563]",1
306,33.0,1129.19,1,6.77,14.0,44.34,"[33.0,1129.19,1.0,6.77,14.0,44.34]","[0.5423728813559322,0.8475501703900038,1.0,0.6411111111111111,0.8888888888888888,0.1240000000000001]",1
307,37.0,832.2,1,7.75,15.0,42.24,"[37.0,832.2,1.0,7.75,15.0,42.24]","[0.6101694915254238,0.6226429382809542,1.0,0.75,1.0,0.06400000000000006]",1
308,52.0,942.14,1,6.95,14.0,45.78,"[52.0,942.14,1.0,6.95,14.0,45.78]","[0.864406779661017,0.7058992805755395,1.0,0.6611111111111111,0.8888888888888888,0.16514285714285717]",1
309,37.0,1053.76,1,7.34,14.0,41.59,"[37.0,1053.76,1.0,7.34,14.0,41.59]","[0.6101694915254238,0.7904278682317304,1.0,0.7044444444444444,0.8888888888888888,0.045428571428571526]",1
310,48.0,870.01,1,7.61,14.0,44.98,"[48.0,870.01,1.0,7.61,14.0,44.98]","[0.7966101694915254,0.651276031806134,1.0,0.7344444444444445,0.8888888888888888,0.14228571428571418]",1
311,35.0,699.3,1,7.51,14.0,45.4,"[35.0,699.3,1.0,7.51,14.0,45.4]","[0.576271186440678,0.5219992427110942,1.0,0.7233333333333333,0.8888888888888888,0.15428571428571425]",1
312,44.0,881.73,1,7.05,15.0,43.8,"[44.0,881.73,1.0,7.05,15.0,43.8]","[0.7288135593220338,0.6601514577811435,1.0,0.6722222222222222,1.0,0.10857142857142849]",1
313,51.0,723.94,1,6.34,13.0,44.27,"[51.0,723.94,1.0,6.34,13.0,44.27]","[0.847457627118644,0.5406588413479743,1.0,0.5933333333333333,0.7777777777777777,0.12200000000000008]",1
314,41.0,760.15,0,7.63,14.0,41.8,"[41.0,760.15,0.0,7.63,14.0,41.8]","[0.6779661016949152,0.568080272624006,0.0,0.7366666666666666,0.8888888888888888,0.051428571428571344]",1
315,44.0,957.05,1,6.38,13.0,42.17,"[44.0,957.05,1.0,6.38,13.0,42.17]","[0.7288135593220338,0.7171904581597879,1.0,0.5977777777777777,0.7777777777777777,0.06200000000000005]",1
316,41.0,944.84,1,7.79,14.0,41.73,"[41.0,944.84,1.0,7.79,14.0,41.73]","[0.6779661016949152,0.7079439606209769,1.0,0.7544444444444444,0.8888888888888888,0.049428571428571336]",1
317,33.0,834.11,0,5.79,14.0,44.96,"[33.0,834.11,0.0,5.79,14.0,44.96]","[0.5423728813559322,0.6240893600908747,0.0,0.5322222222222222,0.8888888888888888,0.14171428571428574]",1
318,41.0,706.51,0,7.61,14.0,44.58,"[41.0,706.51,0.0,7.61,14.0,44.58]","[0.6779661016949152,0.5274592957213177,0.0,0.7344444444444445,0.8888888888888888,0.1308571428571428]",1
319,44.0,749.63,0,7.26,14.0,42.6,"[44.0,749.63,0.0,7.26,14.0,42.6]","[0.7288135593220338,0.5601135933358576,0.0,0.6955555555555555,0.8888888888888888,0.07428571428571433]",1
320,42.0,1056.32,0,7.98,14.0,43.92,"[42.0,1056.32,0.0,7.98,14.0,43.92]","[0.6949152542372882,0.7923665278303672,0.0,0.7755555555555556,0.8888888888888888,0.11200000000000004]",1
321,45.0,584.73,1,6.56,15.0,41.72,"[45.0,584.73,1.0,6.56,15.0,41.72]","[0.7457627118644068,0.4352366527830367,1.0,0.6177777777777776,1.0,0.049142857142857106]",1
322,39.0,830.06,0,7.5,14.0,42.7,"[39.0,830.06,0.0,7.5,14.0,42.7]","[0.6440677966101694,0.6210223400227186,0.0,0.7222222222222222,0.8888888888888888,0.07714285714285722]",1
323,44.0,794.9,1,6.27,14.0,43.39,"[44.0,794.9,1.0,6.27,14.0,43.39]","[0.7288135593220338,0.5943960620976902,1.0,0.5855555555555555,0.8888888888888888,0.09685714285714286]",1
324,52.0,951.14,0,8.66,14.0,47.74,"[52.0,951.14,0.0,8.66,14.0,47.74]","[0.864406779661017,0.7127148807269973,0.0,0.851111111111111,0.8888888888888888,0.2211428571428572]",1
325,43.0,1039.8,1,7.08,13.0,44.98,"[43.0,1039.8,1.0,7.08,13.0,44.98]","[0.711864406779661,0.7798561151079136,1.0,0.6755555555555556,0.7777777777777777,0.14228571428571418]",1
326,39.0,833.94,0,7.52,14.0,46.68,"[39.0,833.94,0.0,7.52,14.0,46.68]","[0.6440677966101694,0.6239606209769027,0.0,0.7244444444444443,0.8888888888888888,0.19085714285714284]",1
327,50.0,842.78,0,6.62,15.0,44.69,"[50.0,842.78,0.0,6.62,15.0,44.69]","[0.8305084745762712,0.6306550549034456,0.0,0.6244444444444445,1.0,0.13399999999999992]",1
328,37.0,746.81,0,7.93,14.0,43.12,"[37.0,746.81,0.0,7.93,14.0,43.12]","[0.6101694915254238,0.5579780386217341,0.0,0.7699999999999999,0.8888888888888888,0.08914285714285707]",1
329,39.0,761.91,1,6.99,14.0,43.23,"[39.0,761.91,1.0,6.99,14.0,43.23]","[0.6440677966101694,0.5694131010980689,1.0,0.6655555555555556,0.8888888888888888,0.0922857142857142]",1
330,43.0,983.48,0,8.6,13.0,43.21,"[43.0,983.48,0.0,8.6,13.0,43.21]","[0.711864406779661,0.7372056039379022,0.0,0.8444444444444443,0.7777777777777777,0.09171428571428573]",1
331,39.0,690.22,1,6.8,13.0,42.75,"[39.0,690.22,1.0,6.8,13.0,42.75]","[0.6440677966101694,0.5151230594471791,1.0,0.6444444444444444,0.7777777777777777,0.07857142857142857]",1
332,36.0,1060.69,1,6.26,14.0,43.86,"[36.0,1060.69,1.0,6.26,14.0,43.86]","[0.5932203389830508,0.7956758803483529,1.0,0.5844444444444444,0.8888888888888888,0.11028571428571426]",1
333,42.0,729.47,0,7.95,14.0,45.27,"[42.0,729.47,0.0,7.95,14.0,45.27]","[0.6949152542372882,0.5448466489965922,0.0,0.7722222222222223,0.8888888888888888,0.15057142857142866]",1
